--- To fill Users
INSERT INTO "Users"
(
	"Id",
	"Email",
	"PasswordHash",
	"FirstName",
	"LastName",
	"PhoneNumber",
	"DateOfBirth",
	"CreatedAt",
	"UpdatedAt",
    "IsDeleted",
    "DeletedAt"
) VALUES 
  (
	'a0eebc99-9c0b-4ef8-bb6d-6bb9bd380a11',
	'sarah.jonhson@example.com',
	'$2a$12$U.wcxRlL6o.YZvRRxVUyluBS/k9dJFKEI/71SIGwjg8DgKRIGaghW',
	'Sarah',
	'Jonhson',
	'+380-68-04-29896',
	'1985-05-12 00:00:00',
    '2023-01-15 08:30:00',
    '2023-01-15 08:30:00',
	false,
	NULL
  ),
  (
	'b1ffcd88-8d1a-3fe7-aa5c-5cc8ac271b22',
	'james.howlett@example.com',
	'$2a$12$iav/OMbrVpDUATfdUuR.TeG/EB65AsuDcNUAPqR30lWcQEKY6yi6W',
	'James',
	'Howlett',
	'+1-255-242-29866',
	'1986-10-10 00:00:00',
    '2023-02-20 14:15:00',
    '2023-03-01 09:00:00',
	false,
	NULL
  ),
  (
    'c2eedf77-7e2b-2ad6-bb4b-4bb7ab162c33',
    'diana.prince@example.com',
    '$2b$12$D4G5f18o7aMM.mWz9.8H/eN0s1/p.Q9r8.S7t6.U5v4.W3x2.Y1z0.A1b2',
    'Diana',
    'Prince',
    '+1-555-014-7744',
    '1990-03-22 00:00:00',
    '2023-03-05 11:45:00',
    '2023-06-10 16:20:00',
    false,
    NULL
),
(
    'd3aaef66-6f3c-1bd5-cc3a-3aa6ba051d44',
    'wade.wilson@example.com',
    '$2b$12$EXMPL.Hash.Gen.99.88.77.66.55.44.33.22.11.00.AA.BB.CC.DD.EE',
    'Wade',
    'Wilson',
    '+1-555-012-6655',
    '1992-11-04 00:00:00',
    '2023-04-01 09:00:00',
    '2023-11-01 10:00:00',
    true,
    '2023-11-01 10:00:00'
),
(
    'e4bbfa55-5e4d-0ae4-dd2f-2ff5cb940e55',
    'tony.stark@example.com',
    '$2b$12$LQ.v2.K9j.H8g.F7d.S6a.P5o.I4u.Y3t.R2e.W1q.M0n.B9v.C8x.Z7l.X',
    'Tony',
    'Stark',
    '+1-555-018-3300',
    '1970-05-29 00:00:00',
    '2022-12-01 10:00:00',
    '2022-12-01 10:00:00',
    false,
    NULL
);

--- To fill accounts

INSERT INTO "public"."Accounts" (
    "Id",
    "UserId",
    "AccountNumber",
    "AccountType",
    "Balance",
    "Currency",
    "Status",
    "OpenedAt",
    "ClosedAt",
    "CreatedAt",
    "UpdatedAt",
    "IsDeleted",
    "DeletedAt"
) VALUES 
(
    '11111111-aaaa-1111-aaaa-111111111111',
    'a0eebc99-9c0b-4ef8-bb6d-6bb9bd380a11',
    'US121234567890123456789012',
    'Debit',
    2450.75,
    'USD',
    'Active',
    '2023-01-20 09:00:00',
    NULL,
    '2023-01-20 09:00:00',
    '2023-06-15 10:00:00',
    false,
    NULL
),
(
    '22222222-bbbb-2222-bbbb-222222222222',
    'b1ffcd88-8d1a-3fe7-aa5c-5cc8ac271b22',
    'CA04123456789012345678',
    'Savings',
    15000.00,
    'CAD',
    'Active',
    '2023-02-25 14:00:00',
    NULL,
    '2023-02-25 14:00:00',
    '2023-03-01 09:00:00',
    false,
    NULL
),
(
    '33333333-cccc-3333-cccc-333333333333',
    'c2eedf77-7e2b-2ad6-bb4b-4bb7ab162c33',
    'DE89370400440532013000',
    'Debit',
    4200.50,
    'EUR',
    'Active',
    '2023-03-06 10:00:00',
    NULL,
    '2023-03-06 10:00:00',
    '2023-06-10 16:20:00',
    false,
    NULL
),
(
    '44444444-dddd-4444-dddd-444444444444',
    'e4bbfa55-5e4d-0ae4-dd2f-2ff5cb940e55',
    'CH9300762011623852951',
    'Savings',
    95000000.00,
    'USD',
    'Active',
    '2022-12-05 08:00:00',
    NULL,
    '2022-12-05 08:00:00',
    '2023-01-01 00:00:00',
    false,
    NULL
),
(
    '55555555-eeee-5555-eeee-555555555555',
    'e4bbfa55-5e4d-0ae4-dd2f-2ff5cb940e55',
    'US999888777666555444333222',
    'Credit',
    50000.00,
    'USD',
    'Active',
    '2023-01-15 11:30:00',
    NULL,
    '2023-01-15 11:30:00',
    '2023-01-15 11:30:00',
    false,
    NULL
),
(
    '66666666-ffff-6666-ffff-666666666666',
    'd3aaef66-6f3c-1bd5-cc3a-3aa6ba051d44',
    'GB29NWBK60161331926819',
    'Debit',
    0.00,
    'USD',
    'Closed',
    '2023-04-01 09:00:00',
    '2023-11-01 10:00:00',
    '2023-04-01 09:00:00',
    '2023-11-01 10:00:00',
    false,
    NULL
),
(
    '77777777-0000-7777-0000-777777777777',
    'c2eedf77-7e2b-2ad6-bb4b-4bb7ab162c33',
    'FR76300060000112345678901',
    'Savings',
    10.00,
    'EUR',
    'Suspended',
    '2023-03-07 09:00:00',
    NULL,
    '2023-03-07 09:00:00',
    '2023-08-01 12:00:00',
    true,
    '2023-08-01 12:00:00'
);

--- To fill cards

INSERT INTO "Cards" (
    "Id",
    "AccountId",
    "CardNumber",
    "CardType",
    "ExpirationDate",
    "Status",
    "DailyLimit",
    "BlockedAt",
    "CreatedAt",
    "UpdatedAt",
    "IsDeleted",
    "DeletedAt"
) VALUES 
(
    'c1111111-aaaa-1111-aaaa-111111111111',
    '11111111-aaaa-1111-aaaa-111111111111',
    '4111111111111111',
    'Debit',
    '2027-01-31 23:59:59',
    'Active',
    5000.00,
    NULL,
    '2023-01-20 09:15:00',
    '2023-01-20 09:15:00',
    false,
    NULL
),
(
    'c2222222-bbbb-2222-bbbb-222222222222',
    '22222222-bbbb-2222-bbbb-222222222222',
    '4222222222222222',
    'Debit',
    '2026-12-31 23:59:59',
    'Active',
    3000.00,
    NULL,
    '2023-02-25 14:30:00',
    '2023-02-25 14:30:00',
    false,
    NULL
),
(
    'c3333333-cccc-3333-cccc-333333333333',
    '33333333-cccc-3333-cccc-333333333333',
    '4333333333333333',
    'Debit',
    '2027-06-30 23:59:59',
    'Active',
    10000.00,
    NULL,
    '2023-03-06 10:30:00',
    '2023-03-06 10:30:00',
    false,
    NULL
),
(
    'c4444444-dddd-4444-dddd-444444444444',
    '44444444-dddd-4444-dddd-444444444444',
    '5444444444444444',
    'Credit',
    '2028-12-31 23:59:59',
    'Active',
    100000.00,
    NULL,
    '2022-12-05 08:30:00',
    '2022-12-05 08:30:00',
    false,
    NULL
),
(
    'c5555555-eeee-5555-eeee-555555555555',
    '55555555-eeee-5555-eeee-555555555555',
    '5555555555555555',
    'Credit',
    '2027-01-31 23:59:59',
    'Active',
    50000.00,
    NULL,
    '2023-01-15 11:45:00',
    '2023-01-15 11:45:00',
    false,
    NULL
),
(
    'c6666666-ffff-6666-ffff-666666666666',
    '66666666-ffff-6666-ffff-666666666666',
    '4666666666666666',
    'Debit',
    '2027-04-30 23:59:59',
    'Blocked',
    1000.00,
    '2023-10-15 14:00:00',
    '2023-04-01 09:15:00',
    '2023-10-15 14:00:00',
    false,
    NULL
),
(
    'c7777777-0000-7777-0000-777777777777',
    '33333333-cccc-3333-cccc-333333333333',
    '4777777777777777',
    'Debit',
    '2026-03-31 23:59:59',
    'Deleted',
    2000.00,
    NULL,
    '2023-03-07 09:30:00',
    '2023-03-07 09:30:00',
    true,
    '2023-08-01 12:00:00'
);

--- To fill Loans

INSERT INTO "Loans" (
    "Id",
    "UserId",
    "AccountId",
    "PrincipalAmount",
    "InterestAmount",
    "PaidAmount",
    "Status",
    "IssuedAt",
    "CreatedAt",
    "UpdatedAt",
    "IsDeleted",
    "DeletedAt"
) VALUES 
(
    '11111111-aaaa-1111-aaaa-111111111111',
    'a0eebc99-9c0b-4ef8-bb6d-6bb9bd380a11',
    '11111111-aaaa-1111-aaaa-111111111111',
    5000.00,
    250.00,
    1200.00,
    'Active',
    '2023-02-01 10:00:00',
    '2023-02-01 10:00:00',
    '2023-06-15 10:00:00',
    false,
    NULL
),
(
    '22222222-bbbb-2222-bbbb-222222222222',
    'b1ffcd88-8d1a-3fe7-aa5c-5cc8ac271b22',
    '22222222-bbbb-2222-bbbb-222222222222',
    25000.00,
    1500.00,
    5000.00,
    'Active',
    '2023-03-01 14:00:00',
    '2023-03-01 14:00:00',
    '2023-03-01 14:00:00',
    false,
    NULL
),
(
    '33333333-cccc-3333-cccc-333333333333',
    'c2eedf77-7e2b-2ad6-bb4b-4bb7ab162c33',
    '33333333-cccc-3333-cccc-333333333333',
    2000.00,
    100.00,
    2100.00,
    'Paid',
    '2023-03-10 11:00:00',
    '2023-03-10 11:00:00',
    '2023-05-10 16:20:00',
    false,
    NULL
),
(
    '44444444-dddd-4444-dddd-444444444444',
    'd3aaef66-6f3c-1bd5-cc3a-3aa6ba051d44',
    '66666666-ffff-6666-ffff-666666666666',
    1000.00,
    50.00,
    0.00,
    'Active',
    '2023-04-05 09:00:00',
    '2023-04-05 09:00:00',
    '2023-11-01 10:00:00',
    false,
    NULL
),
(
    '55555555-eeee-5555-eeee-555555555555',
    'e4bbfa55-5e4d-0ae4-dd2f-2ff5cb940e55',
    '55555555-eeee-5555-eeee-555555555555',
    500000.00,
    25000.00,
    250000.00,
    'Active',
    '2023-01-20 12:00:00',
    '2023-01-20 12:00:00',
    '2023-01-20 12:00:00',
    false,
    NULL
);

--- To fill Transactions

INSERT INTO "Transactions" 
(
    "Id",
    "FromAccountId",
    "ToAccountId",
    "Amount",
    "TransactionType",
    "Status",
    "Description",
    "CompletedAt",
    "CreatedAt",
    "UpdatedAt"
) VALUES 
(
    '11111111-aaaa-1111-aaaa-111111111111',
    '55555555-eeee-5555-eeee-555555555555',
    '11111111-aaaa-1111-aaaa-111111111111',
    1000.00,
    'Transfer', 
    'Completed', 
    'Gift for birthday',
    '2023-02-10 12:00:00',
    '2023-02-10 12:00:00',
    '2023-02-10 12:00:00'
),
(
    '22222222-bbbb-2222-bbbb-222222222222',
    NULL, 
    '22222222-bbbb-2222-bbbb-222222222222',
    25000.00,
    'LoanDisbursement',
    'Completed',
    'Mortgage loan disbursement',
    '2023-03-01 14:00:00',
    '2023-03-01 14:00:00',
    '2023-03-01 14:00:00'
),
(
    '33333333-cccc-3333-cccc-333333333333',
    '11111111-aaaa-1111-aaaa-111111111111',
    NULL,
    200.00,
    'LoanPayment', 
    'Completed', 
    'Monthly loan payment',
    '2023-03-01 09:00:00',
    '2023-03-01 09:00:00',
    '2023-03-01 09:00:00'
),
(
    '44444444-dddd-4444-dddd-444444444444',
    '66666666-ffff-6666-ffff-666666666666',
    '33333333-cccc-3333-cccc-333333333333',
    5000.00,
    'Transfer',
    'Failed',
    'Insufficient funds',
    NULL,
    '2023-04-02 10:00:00',
    '2023-04-02 10:05:00'
),
(
    '55555555-eeee-5555-eeee-555555555555',
    '33333333-cccc-3333-cccc-333333333333',
    '77777777-0000-7777-0000-777777777777',
    100.00,
    'Transfer',
    'Pending',
    'Internal transfer',
    NULL,
    '2023-05-20 15:30:00',
    '2023-05-20 15:30:00'
);

